{"train/loss": 0.093, "train/learning_rate": 4.721485411140584e-06, "train/epoch": 4.0, "train/global_step": 1944, "_timestamp": 1713634840.2540884, "_runtime": 36178.075424432755, "_step": 3, "train/train_runtime": 36178.7082, "train/train_samples_per_second": 1.719, "train/train_steps_per_second": 0.054, "train/total_flos": 50872713216000.0, "train/train_loss": 0.12312812962159207, "_wandb": {"runtime": 36195}}